name,rating,description,number_of_members
Tech Talk,4.5,A community for tech enthusiasts to discuss the latest trends and innovations.,250
Bookworms Club,4.2,A book club for passionate readers to share their love for literature.,120
Foodie Fiesta,4.8,A group for food lovers to explore different cuisines and recipes.,350
Fitness Frenzy,4.1,A community for fitness enthusiasts to share workout routines and tips.,180
Travel Tribe,4.7,A group for travel lovers to share their experiences and plan trips.,220
Gamer's Guild,4.3,"A community for gamers to discuss games, strategies, and multiplayer experiences.",150
Crypto Corner,4.6,A group for cryptocurrency enthusiasts to discuss market trends and investments.,180
Photography Passion,4.4,A community for photography enthusiasts to share their work and techniques.,200
Music Mania,4.5,A group for music lovers to discuss different genres and artists.,280
Nature Lovers,4.2,A community for nature enthusiasts to share their love for the outdoors.,160
Language Learners,4.3,A group for language learners to practice and share tips.,210
Movie Magic,4.6,"A group for movie lovers to discuss films, actors, and directors.",300
DIY Enthusiasts,4.1,A community for DIY enthusiasts to share projects and tips.,140
Pet Parents,4.8,A group for pet owners to share advice and experiences.,250
Art Appreciation,4.4,A community for art lovers to discuss different art forms and artists.,180
Writing Workshop,4.3,A group for writers to share their work and receive feedback.,150
Health and Wellness,4.7,A community for people interested in health and wellness.,320
Gardening Guild,4.2,A group for gardening enthusiasts to share tips and plants.,130
Coding Club,4.5,A community for programmers to learn and share coding knowledge.,200
Fashionistas,4.6,A group for fashion lovers to discuss trends and styles.,280
Book Lovers,4.3,A group for bookworms to discuss books and authors.,170
Tech Support,4.1,A group for users to seek help with technology issues.,140
Cooking Corner,4.8,A group for food enthusiasts to share recipes and cooking tips.,250
Plant Parents,4.6,A community for plant enthusiasts to share care tips and plant collections.,190
Anime Lovers,4.3,"A group for anime fans to discuss series, characters, and manga.",220
Guitarists Unite,4.4,A community for guitar players to share techniques and jam sessions.,160
K-Pop Kingdom,4.7,"A group for K-pop fans to discuss music, idols, and culture.",280
Baking Buddies,4.2,A group for baking enthusiasts to share recipes and tips.,150
Cryptocurrency Investors,4.5,A community for cryptocurrency investors to discuss market trends and strategies.,200
Sci-Fi Fans,4.3,"A group for sci-fi enthusiasts to discuss books, movies, and TV shows.",180
Yoga and Meditation,4.8,A community for yoga and meditation practitioners to share experiences and tips.,250
DIY Home Improvement,4.1,A group for home improvement enthusiasts to share projects and advice.,140
Book Review Club,4.6,A group for book lovers to share and discuss book reviews.,220
Hiking and Camping,4.4,A community for outdoor enthusiasts to share hiking and camping experiences.,190
Board Game Geeks,4.3,A group for board game enthusiasts to discuss games and play online.,160
Fashion Design,4.7,A community for fashion designers to share their work and ideas.,230
Wine Lovers,4.2,A group for wine enthusiasts to discuss different wines and pairings.,150
Language Exchange,4.5,A group for language learners to practice with native speakers.,200
Photography Challenges,4.3,A group for photographers to participate in challenges and share their work.,180
Video Game Developers,4.6,A community for game developers to share knowledge and projects.,240
Cosplay Community,4.1,A group for cosplay enthusiasts to share costumes and ideas.,130
True Crime Fans,4.4,A group for true crime enthusiasts to discuss cases and theories.,190
Podcast Lovers,4.3,A group for podcast listeners to recommend and discuss podcasts.,170
Homebrewing,4.7,A community for homebrewers to share recipes and techniques.,210
Stargazing Enthusiasts,4.2,A group for astronomy enthusiasts to share observations and knowledge.,140
Digital Art,4.5,A community for digital artists to share their work and techniques.,190
Coffee Lovers,4.6,A group for coffee enthusiasts to discuss different roasts and brewing methods.,230
Home Cooking,4.2,A community for home cooks to share recipes and cooking tips.,180
Science Fiction Book Club,4.5,A book club dedicated to science fiction and fantasy.,160
Running Buddies,4.3,A group for runners to share training plans and running routes.,210
True Crime Podcast Fans,4.7,A group for fans of true crime podcasts to discuss episodes and theories.,250
Knitting and Crochet,4.1,A community for knitters and crocheters to share patterns and projects.,140
Classic Movie Lovers,4.6,A group for fans of classic movies to discuss films and actors.,220
Vegan and Vegetarian,4.4,A community for vegans and vegetarians to share recipes and tips.,190
Guitar Learning,4.3,A group for guitar learners to share tips and lessons.,170
Pet Adoption,4.8,A group for people interested in adopting pets.,240
Star Wars Fans,4.2,"A group for Star Wars fans to discuss movies, TV shows, and merchandise.",150
Language Exchange French,4.5,A group for French language learners to practice with native speakers.,200
Digital Painting,4.3,A community for digital artists to share their work and techniques.,180
Homebrewed Beer Lovers,4.7,A group for craft beer enthusiasts to discuss different brews.,230
Sustainable Living,4.1,A community for people interested in sustainable living practices.,160
Anime Art,4.6,A group for anime fans to share their artwork and fan art.,210
Book Recommendations,4.4,A group for book lovers to share book recommendations.,190
Hiking and Camping Gear,4.3,A group for outdoor enthusiasts to discuss gear and equipment.,170
Board Game Design,4.8,A community for board game designers to share their creations.,220
Fashion Photography,4.2,A group for photographers interested in fashion photography.,150
Wine Tasting,4.5,A group for wine enthusiasts to share tasting notes and recommendations.,200
Language Learning Spanish,4.3,A group for Spanish language learners to practice with native speakers.,180
Food Photography,4.7,A group for photographers interested in food photography.,230
Python Developers,4.8,"A community for Python programmers to share knowledge, projects, and best practices.",500
Web Development Hub,4.5,"A place to discuss front-end, back-end, and full-stack development.",350
Data Science Lounge,4.7,"A community for data scientists to share insights, projects, and tools.",420
Cybersecurity Experts,4.6,"A forum for cybersecurity professionals to discuss threats, solutions, and best practices.",380
DevOps Corner,4.4,"A place for DevOps engineers to share automation, CI/CD, and cloud computing knowledge.",300
Blockchain Builders,4.3,A community for blockchain developers and enthusiasts.,250
UI/UX Designers,4.7,A group for UI/UX designers to share design inspiration and best practices.,320
Mobile App Development,4.5,A community for mobile app developers to share knowledge and projects.,280
Database Administrators,4.2,A forum for database administrators to discuss database management and optimization.,220
IT Project Management,4.6,A group for IT project managers to share project management methodologies and best practices.,300
Artificial Intelligence,4.8,A community for AI enthusiasts and researchers to discuss AI trends and applications.,450
Software Testing,4.4,A forum for software testers to share testing techniques and tools.,280
Cloud Computing Experts,4.6,A community for cloud computing professionals to discuss cloud platforms and services.,350
IT Support Professionals,4.3,A group for IT support professionals to share troubleshooting tips and best practices.,250
Data Engineering,4.5,A community for data engineers to discuss data pipelines and big data technologies.,320
Network Engineers,4.3,A community for network engineers to discuss networking technologies and troubleshooting.,280
IT Audit and Compliance,4.6,A forum for IT auditors and compliance professionals to share knowledge and best practices.,320
Information Security,4.5,A community for information security professionals to discuss threats and countermeasures.,350
Business Intelligence,4.2,A group for business intelligence professionals to share data analysis and reporting techniques.,250
IT Service Management,4.4,A forum for IT service management professionals to discuss ITIL and service delivery.,300
Cloud Architects,4.7,A community for cloud architects to share cloud design and implementation best practices.,380
IT Operations,4.3,A group for IT operations professionals to discuss system administration and IT support.,280
Big Data Analytics,4.6,A community for big data professionals to discuss data processing and analysis.,350
IT Governance,4.2,A forum for IT governance professionals to discuss IT strategy and risk management.,250
IT Outsourcing,4.4,A group for IT outsourcing professionals to discuss outsourcing strategies and challenges.,300
IT Consulting,4.7,A community for IT consultants to share consulting methodologies and best practices.,320
ITIL Practitioners,4.3,A group for ITIL practitioners to discuss IT service management frameworks.,280
IT Risk Management,4.6,A forum for IT risk management professionals to discuss risk assessment and mitigation.,350
IT Project Portfolio Management,4.2,A group for IT project portfolio managers to discuss portfolio optimization.,250
IT Strategy and Planning,4.4,A community for IT strategists to discuss IT alignment with business objectives.,300
Python Developers,4.8,"A thriving community for Python programmers of all levels. Share code, projects, libraries, and best practices. Explore data science, web development, machine learning, and automation with Python. Connect with like-minded individuals, seek expert advice, and contribute to the Python ecosystem.",500
Web Development Hub,4.5,"A dynamic platform for web developers to collaborate and learn. Dive into front-end development, back-end development, or full-stack development. Discuss HTML, CSS, JavaScript, frameworks, libraries, and design patterns. Share projects, seek feedback, and stay updated on the latest web development trends.",350
Data Science Lounge,4.7,"A vibrant community for data scientists and analysts to explore the world of data. Discuss data cleaning, exploration, analysis, and visualization techniques. Learn about machine learning, deep learning, and statistical modeling. Share insights, projects, and challenges with fellow data enthusiasts.",420
Cybersecurity Experts,4.6,"A dedicated forum for cybersecurity professionals to protect digital assets. Share knowledge on threats, vulnerabilities, and countermeasures. Discuss security best practices, incident response, and risk management. Stay updated on the latest cybersecurity trends and technologies to safeguard organizations and individuals.",380
DevOps Corner,4.4,"A collaborative space for DevOps engineers to streamline software development and delivery. Discuss automation, CI/CD pipelines, cloud computing, and infrastructure management. Share best practices, tools, and challenges to optimize development and operations processes.",300
Blockchain Builders,4.3,"A community for blockchain developers and enthusiasts to explore decentralized technologies. Discuss blockchain platforms, smart contracts, cryptocurrencies, and distributed systems. Share projects, ideas, and challenges as you build the future of blockchain applications.",250
UI/UX Designers,4.7,"A creative hub for UI/UX designers to share inspiration and best practices. Discuss user experience, user interface design, design thinking, and usability testing. Showcase design portfolios, seek feedback, and stay updated on design trends and tools.",320
Mobile App Development,4.5,"A dynamic community for mobile app developers to share knowledge and experiences. Discuss iOS, Android, cross-platform development, and app monetization. Share app ideas, coding challenges, and best practices. Stay updated on mobile app development trends and technologies.",280
Database Administrators,4.2,"A forum for database administrators to share expertise and best practices. Discuss database management systems, performance tuning, data modeling, and security. Solve database-related challenges and stay updated on database technologies and trends.",220
IT Project Management,4.6,"A collaborative platform for IT project managers to share knowledge and best practices. Discuss project planning, execution, monitoring, and control. Explore agile, waterfall, and hybrid methodologies. Share project management tools and techniques.",300
